index,food_price_index,meat,dairy,cereals,oil,sugar
1,64.44420125,74.27221862,53.50303065,64.14060719,44.58767168,87.8778326
2,64.7282992,76.78102727,52.2186339,62.22237673,44.50051354,90.66269349
3,64.03302114,78.54398284,41.36712317,61.25988407,45.74543384,95.05658512
4,66.01599738,81.19003533,48.42706837,62.82073095,44.01709379,94.31395555
5,64.63284435,81.75667867,39.189651,61.98282572,45.49963146,90.3532645
6,64.07706013,84.18540664,39.189651,60.71234234,43.79640986,80.26587949
7,62.91998947,84.51372416,39.189651,57.85828506,43.72101633,74.20107133
8,61.76937869,84.51223682,36.82668581,55.68299764,45.36713887,67.64117678
9,61.32298078,85.50240588,38.14079185,52.4791253,44.78833018,68.50757795
10,61.35648851,86.1795587,38.90982359,52.79953895,45.71784604,60.77185325
11,62.34599499,87.62688046,39.43676874,52.42968756,48.30080705,62.31899819
12,62.16502042,84.38277787,45.05501562,52.56861543,49.59540504,60.27676687
13,61.03086566,80.50427203,46.92070963,53.70549149,49.473592,54.45950189
14,61.75343912,82.35475962,46.65752883,55.24952254,48.41695619,52.66481376
15,62.30413929,81.64883487,45.76018118,57.25986681,48.74733565,56.56361901
16,61.03838621,80.49598818,42.79199952,57.61279362,47.00218824,52.66481376
17,60.83854252,81.98952786,42.14046245,57.17933841,46.56183509,46.90943459
18,61.33524179,81.29246337,43.39480576,56.53805755,46.73263793,56.9349338
19,62.17175052,83.5708047,40.36313737,55.73938698,48.21636538,63.80425733
20,61.76616361,80.42898602,41.69068555,58.26121975,48.80878817,58.54396454
21,62.39877257,80.62133566,45.39967221,58.81539713,48.58233103,57.49190598
22,64.53902336,83.03536476,48.80605063,60.5700275,51.13311801,56.43984742
23,64.62053892,82.5583147,50.79933694,60.75463826,51.78614187,53.59310073
24,64.34654911,79.19535422,50.79933694,62.68009859,52.63416036,55.69721785
25,65.07311072,80.1957399,52.86071556,63.94967449,52.84386559,51.48898361
26,65.90406088,81.59152396,52.86071556,66.45296186,51.96145175,48.51846532
27,66.45955421,82.39765566,52.41364098,65.86605978,54.07727277,50.87012563
28,64.76307111,78.25015133,52.41364098,62.97281838,53.94658401,58.54396454
29,65.07202794,78.91287074,54.56926002,61.9935456,54.0156591,59.3484799
30,65.92741462,78.92282827,57.65269491,61.81210499,54.82149741,64.11368632
31,64.74611726,79.53885904,58.10136873,58.54022948,51.92805744,63.80425733
32,63.14703052,78.5682397,56.63575119,56.09091106,51.01625409,60.83373905
33,63.80735111,78.08124286,58.13831532,58.31174648,52.20311193,57.61567757
34,61.82288555,74.3586759,54.94114505,58.19147451,52.21723239,53.90252971
35,62.65102025,76.15656997,53.80406897,58.7917094,53.87625274,53.03612855
36,61.33306006,73.67310615,53.22780286,58.51858183,52.99671744,50.43692505
37,61.59803721,73.36436074,53.29906433,59.0544671,53.97808946,50.99389723
38,61.43394228,72.88117831,54.01953403,58.05466939,54.24469834,52.97424275
39,63.16261291,76.50280249,53.321425,57.76518177,53.05125656,65.72271706
40,62.82770249,75.66909437,52.40636837,57.33381381,52.8340209,69.00266433
41,62.40714443,75.96536638,51.73855937,55.37130465,51.89557922,73.21089857
42,61.80577552,78.5536237,51.7817108,52.84355489,51.24333544,64.29934371
43,62.24429927,78.08865183,49.73447147,55.79196437,53.28307733,59.90545208
44,60.85204515,74.78561006,47.95448586,56.55412295,52.60518861,57.80133496
45,61.19106929,75.14845001,45.0670911,58.44481776,52.54254894,59.03905092
46,61.52822268,74.50545852,41.00719774,61.43366236,52.11793275,63.68048574
47,63.40427193,73.63251841,41.23153465,66.71699208,56.21786455,62.62842718
48,64.65773502,71.07128069,41.83675114,68.85850528,63.5841755,65.10385908
49,64.76507293,70.21413466,45.50661979,68.59867492,63.87968095,63.74237153
50,64.50547284,72.07957258,45.44899317,66.79741273,60.39747837,66.96043301
51,64.82642263,73.43365575,46.01078411,64.14992529,61.31369662,72.65392639
52,64.06123791,73.98038895,42.3267497,62.41540188,63.65730388,68.13626316
53,65.87418691,76.97673408,42.3267497,61.9898512,67.78279328,71.66375363
54,65.51214721,75.39416288,45.12767714,60.09132197,68.47110669,74.57238612
55,64.23140342,75.92997476,45.56858924,56.01105555,67.15342416,72.83958378
56,66.56151662,77.68318613,46.58576747,57.49680765,73.32776599,74.8818151
57,69.60272309,78.82795497,49.93611146,60.19383721,80.49955716,77.91421919
58,70.26375944,79.2118483,52.0149417,61.6534399,78.99701313,78.90439195
59,73.60393947,82.97519711,53.16747393,61.13636471,88.30944074,86.26880186
60,73.31867905,78.8584138,55.02196726,62.70779082,88.62378411,90.78646509
61,73.02757384,79.06573109,58.92508255,62.87138949,82.6566412,91.34343727
62,74.74335,84.04148041,61.14814825,62.51428596,82.66991005,89.17743435
63,75.47205037,85.1480441,61.79228126,62.16595537,84.41751062,90.29137871
64,74.29236013,85.87457897,61.13616554,62.65185504,77.93804109,84.78354272
65,74.09616916,84.09785699,61.23968675,64.90775656,76.78877539,83.66959836
66,75.32497358,81.68300693,61.23968675,69.1448433,80.32960833,86.76388824
67,79.64794861,87.7827524,64.56384769,74.0135177,83.96209046,84.10279895
68,78.13917559,87.35025371,64.33761997,72.64226758,79.94609576,80.32776529
69,78.46230904,89.04048796,64.27996141,75.9088673,76.28323143,72.3444974
70,80.50674263,89.22797547,64.80648343,80.17270722,79.94507917,73.27278437
71,80.03834257,87.86942354,64.80648343,80.45858653,78.98752036,74.13918553
72,78.19442461,81.81032923,64.42581738,82.71756623,75.57615343,76.18141685
73,77.14465255,80.29994136,64.3299644,83.32282177,70.75167297,77.5429044
74,77.59035991,80.31359448,64.16787049,85.72874709,68.62902731,79.27570673
75,78.68476522,83.21112879,62.95740045,86.87588637,68.17056993,79.89456471
76,80.90846037,81.1979423,62.69337929,95.32510192,73.55675439,74.13918553
77,82.51279315,83.56857869,61.04091198,99.95018456,73.36821674,70.48792347
78,80.66420851,84.07671916,61.14314939,94.3382478,68.85370557,75.31501569
79,80.54045738,87.05115789,61.25167531,91.06330539,66.06842835,79.27570673
80,80.14062607,89.68394539,60.68929283,85.83425938,69.09961439,76.55273164
81,77.06180795,89.26363986,60.05011475,75.28761227,71.47007439,73.76787075
82,74.36366171,86.60436149,61.04091198,71.12894973,69.07583517,68.81700694
83,72.72296607,85.42263591,59.89067627,67.4385869,70.01142951,66.34157503
84,71.51559815,81.45322283,60.17926228,67.57742864,70.16698659,66.46534663
85,70.97138949,79.07824056,60.33647484,68.09151953,70.75777979,66.15591764
86,71.21584147,79.39923197,59.45083134,68.39172089,71.49264276,66.89854721
87,72.99880427,83.10540964,59.25146982,70.60720886,70.31972003,68.75512114
88,73.51651949,83.91655215,59.11346788,70.78857172,71.10651113,69.93095129
89,72.8858193,83.83215537,58.84969589,68.76194115,71.64676747,68.94077853
90,70.34125129,80.38417004,58.60584004,65.15899688,68.96236673,70.73546666
91,68.59153219,79.70961765,58.08366363,62.43439522,65.52835362,69.43586491
92,69.97209017,80.61742921,57.78695237,65.65820043,65.39651908,72.4063832
93,70.10727669,80.17133279,59.04505214,65.1086146,67.96456328,70.11660869
94,69.87024702,75.82181103,60.78241679,65.55985746,72.78153923,70.61169507
95,70.46243502,75.96358141,61.01254399,64.15745233,76.70513522,74.33722008
96,68.14867926,69.80521988,61.0490013,63.41552772,75.55491705,76.30518845
97,67.5143046,67.71402038,60.91099936,62.74223227,79.26237256,71.47809623
98,67.74564834,68.74233246,59.69866251,62.69628447,81.87627349,66.34157503
99,67.57813757,68.36973566,57.80738535,63.18080407,84.68154714,60.89562484
100,67.042303,68.4171277,57.61732943,60.8272526,86.00566313,59.96733788
101,66.6272902,66.83101993,56.46603826,60.18980964,89.96952623,57.12059119
102,64.40691505,66.66438721,55.56781263,59.00795639,82.75762715,50.12749606
103,64.43462438,67.02774407,55.34551276,57.51372152,83.55527933,53.46932913
104,62.57712128,64.79008982,55.44136574,54.08296665,83.17112306,52.47915637
105,62.08179358,65.07497617,53.86781376,53.90169842,84.5568036,44.73780569
106,62.87909352,64.664697,52.13704922,57.68733638,84.44213186,46.18368296
107,62.7705766,63.19311693,52.13704922,58.17810809,84.308765,49.8887937
108,62.22737347,63.76470208,52.31720012,56.83805601,82.03809335,49.98403353
109,61.20129519,62.72520614,52.40149805,57.12399978,77.30714393,50.18938186
110,58.57322466,63.27576087,51.52351012,54.9123576,68.40423852,42.20611397
111,57.1938302,63.35697579,50.74137517,55.15387671,62.30984722,37.25525016
112,56.00207454,61.69962121,48.00167692,53.6963283,64.88345736,33.5421023
113,55.55221149,62.24371779,47.35754391,52.83974627,62.2570495,35.58433362
114,54.76283835,62.66615357,47.12368899,53.6110855,54.79113445,37.34245287
115,52.79619605,62.94268734,46.3634653,51.40200516,48.63125269,33.28893313
116,54.62776219,64.75853805,46.40561426,52.95076282,52.29412103,35.58433362
117,54.83042298,63.3701787,46.81962008,52.63199033,54.07108129,41.277827
118,53.4985291,60.73565249,46.95762202,51.48057138,52.96411644,41.89668498
119,53.49837216,61.84156231,47.54805102,51.2767605,51.31824211,40.22576844
120,52.08261258,59.53540955,48.49938125,50.37077841,49.49210256,37.19336436
121,52.84517365,60.5778804,50.15485375,52.13167019,48.58311157,34.72972023
122,52.5008435,60.86233686,50.44046294,52.23907342,46.36835287,32.73758693
123,53.11600405,62.78434733,50.05705103,51.72821243,47.81903064,31.80929997
124,53.70002176,62.30781582,50.41362512,51.82244957,49.49869065,37.25525016
125,53.96677358,63.34918559,50.92741176,52.83598998,44.48930927,42.76308615
126,54.23104386,63.03406588,53.75683759,51.42594993,42.92895391,51.7984126
127,54.43372605,62.74886609,55.57520011,49.81321565,42.6675515,59.59602309
128,53.51500143,60.25082357,56.04290994,48.61617047,41.70184363,64.6087727
129,52.93123363,59.41597164,57.40884541,49.38114249,38.47035426,62.071455
130,53.69020213,59.50091418,59.10841661,51.20180163,36.37718942,66.52160644
131,54.16648548,60.35094068,59.59967839,52.12553038,37.67309155,61.45259702
132,54.80254262,60.36141995,60.09094017,53.67087963,38.13921323,62.0095692
133,54.13272442,58.3173964,59.74202166,53.91884059,37.27426626,63.88583406
134,54.61640217,62.00549002,59.46601778,52.99071574,35.8276831,61.09984798
135,55.50494588,64.89857345,59.67423371,52.1664414,38.20313786,57.39063831
136,55.00326163,65.26328999,59.50172419,50.99283926,38.03313854,54.11913001
137,55.78225573,65.57838824,61.95820485,51.70635307,36.56613286,59.31191102
138,55.20930695,63.82783739,62.38971792,51.03778816,38.84721176,55.95949575
139,56.90803486,64.13021787,62.94402846,51.71979742,47.4364945,54.42293301
140,57.01908444,64.36703026,62.53002265,51.57290073,50.0210468,50.21090735
141,55.8256681,64.28262842,62.05079678,51.15891965,45.39620169,47.28074937
142,54.53132232,62.36136507,62.84853364,51.00715959,43.29500851,42.02583795
143,55.10927633,60.64718898,60.60162784,51.8676399,48.26945905,47.48806679
144,54.60283036,59.18757772,56.9094074,52.00547656,50.60781028,48.45657953
145,53.77764244,59.39557855,52.99527414,51.6554341,49.26091578,48.18251385
146,51.99864625,57.607537,52.8353081,50.36964038,47.78557487,40.50769263
147,52.34142961,60.07055355,50.71392086,49.61017821,47.62177337,41.44801295
148,51.35145362,57.20550279,48.89490976,49.30965581,48.9686499,42.61118464
149,50.80400225,56.23346887,44.77823662,50.22782336,51.64109983,37.57544189
150,51.6241499,56.28241637,42.85506728,52.03044297,55.80374755,35.58433362
151,52.26505324,55.88324046,40.64167763,54.62011509,56.14791361,39.52618986
152,53.70528469,55.83074054,40.08100889,58.05905521,59.64718946,38.9542966
153,55.14002894,55.095962,41.63677343,63.82139355,56.67703316,43.07251513
154,55.51887844,53.4615139,42.9278011,64.35449444,58.76026061,46.476234
155,56.6414482,53.90564661,45.53520037,63.00672733,63.9056765,48.45657953
156,56.02435898,52.25563925,49.29102026,59.8401644,65.51216867,49.1992091
157,56.23903166,53.94665471,51.25635366,58.00011834,64.3232152,50.68446824
158,56.86278019,55.10130603,53.09496815,57.84258646,62.35311699,55.69721785
159,55.91947088,55.73819514,53.70871816,56.51207985,59.2341351,50.93201143
160,55.92906635,56.74901832,52.65788059,56.42583185,59.56691651,47.96149314
161,56.66898917,57.44008135,52.63450157,58.20091146,61.09159937,44.37211688
162,56.41877601,57.31412878,52.5970357,57.68224677,61.95542167,41.58725599
163,57.05978441,61.46244355,53.15265357,56.46299908,58.83860377,42.32988556
164,57.81551479,61.44782973,53.61300349,59.89639592,57.08945295,42.26799976
165,58.9625389,63.65574866,55.22321614,60.52535775,59.33497306,37.03021089
166,60.61509398,63.56030227,57.5927651,60.59597196,67.38665883,36.87586331
167,62.01745906,62.85145279,58.55998643,64.77850472,68.83389281,37.62656494
168,62.87861102,62.53492406,59.7178506,65.67672643,71.56378627,38.89080338
169,64.6911639,67.17776376,60.94762088,66.92288497,71.21869198,35.92912592
170,65.47228122,65.13990494,64.32824776,67.48168079,76.06333012,36.16296583
171,67.08537068,67.59749816,65.24808043,68.46616512,76.73328079,39.96208113
172,67.66407743,67.53569313,65.81146313,70.24966811,76.45253651,40.69300622
173,66.77583326,67.0430253,67.76786818,68.84606489,73.51595748,39.22908139
174,66.4389092,69.86002671,70.74094548,66.39026459,66.06363235,42.88685774
175,65.84093676,71.55111129,72.56498935,60.70945305,64.81972209,48.97698282
176,64.77736572,69.81993484,72.74244704,59.09336885,65.44023197,46.88411767
177,65.41219325,70.16106973,73.3043964,59.97720176,66.27003741,47.57048742
178,64.90010651,68.2021453,73.79475609,59.33595437,65.80293522,52.30233981
179,65.69099268,69.23734463,75.12101921,60.02006363,66.93783393,50.50724982
180,66.04413688,69.90975087,75.81473677,60.52619769,66.02137322,51.04771096
181,65.81773197,69.90049344,76.21881756,60.49896336,63.14893798,53.96736246
182,66.23941712,71.11441563,76.66764719,60.27037833,62.26632198,56.33154727
183,67.50594389,71.71602599,77.00667738,61.54803978,66.74267313,54.96266033
184,65.96669904,70.40114558,76.17646356,59.54505268,65.07478932,53.1569532
185,66.54767815,72.58820521,76.51078968,59.36642199,64.22690057,53.13205153
186,67.38304693,73.64914393,76.36046465,60.16411971,64.63713856,56.01508581
187,67.66906439,72.64203444,77.0991157,61.18218108,64.43517446,59.65201501
188,67.63660945,72.79863037,78.34242864,60.94778954,62.50964335,61.48219458
189,68.63512238,73.8777674,78.74656267,61.53264342,64.00235215,63.80425733
190,69.54318231,73.7674094,78.49946709,62.07397202,66.80753884,68.82584777
191,69.04000314,74.10496854,77.96557629,60.59673004,65.44132747,70.43391405
192,69.77709867,74.38883268,76.92674117,61.47283845,63.49195563,82.58512343
193,69.80112611,71.20182269,74.33502425,62.74352302,63.67327271,97.45244957
194,70.80718523,68.84752853,74.45543302,64.79107313,64.98834716,111.0540638
195,69.78477113,67.95247189,73.06998019,63.92847484,65.15630922,106.6964964
196,70.10160507,67.36227024,71.60039967,65.12106362,66.75830034,108.2245076
197,71.3283631,68.98961215,71.25965795,67.78712247,68.28309273,104.0978055
198,71.39458098,71.34164216,71.00055587,67.78429956,67.93735982,95.30131532
199,73.17238569,72.65323413,71.28180874,69.85457889,70.44588721,99.32670516
200,73.06272062,74.78380233,70.29798391,69.64621691,73.54572924,83.24985121
201,73.1858998,75.34710546,70.34392992,72.53916249,71.7034921,74.77867211
202,75.1270277,74.25571764,71.90488977,79.8575429,72.69758564,72.03225542
203,77.65624075,72.61998633,75.39288215,85.33230129,78.34697736,72.8958436
204,78.80187225,71.32548713,81.69783662,85.35516442,83.00505254,71.60776172
205,78.48310272,70.69703387,84.24031081,85.10891731,82.27075996,67.75566551
206,80.04314376,72.21859947,88.28446236,87.0168414,82.87024234,65.41328807
207,81.11242078,73.86323321,91.77370071,86.42964367,84.41828569,64.6087727
208,83.86721106,75.75746995,102.0297265,85.07588982,92.75924978,60.15299527
209,86.47173131,77.54881395,105.2760049,86.56297462,100.2534585,58.35830714
210,91.38305704,78.82426023,121.0446681,91.94718046,104.9241153,57.49190598
211,95.54156924,79.90575718,135.0338955,94.85390283,108.5781594,62.93785617
212,99.110646,79.94641038,141.4954678,102.1385223,112.7981749,60.68306058
213,105.3105086,81.3533913,145.0935608,117.1577824,118.2471421,60.37665272
214,107.8620332,80.05192573,147.9713005,121.3337272,125.8505937,61.89117898
215,110.7583544,81.13451314,153.9910314,121.0379669,136.2503391,62.48918413
216,114.6592297,81.77931911,152.5594222,132.234047,138.5571516,66.27084841
217,120.4011638,82.79569743,150.6343671,140.9768698,154.0967524,74.13918553
218,128.3837854,80.5764599,149.878067,160.8264219,168.632379,83.60771257
219,132.3586789,85.59329578,152.632936,163.3315368,176.6016472,81.68925284
220,130.6620789,87.0113914,148.9489508,162.7358181,169.4050233,77.73137478
221,130.3023002,91.8343749,144.2598033,157.4407068,172.0181414,74.70178369
222,132.7260693,93.5701241,143.8982262,160.2872966,178.3161378,75.03800307
223,130.2073304,100.3850269,144.1179755,148.210395,164.7994291,88.06348999
224,121.2093618,102.0825942,133.5486456,136.5100777,135.6186167,90.3945217
225,112.7863464,100.9265833,120.5041686,125.3284698,120.5923983,83.73737805
226,97.78807979,95.65623285,106.9503961,104.9275047,92.21375072,73.64409915
227,89.72736955,87.90967683,97.7755885,95.99249979,82.02994902,74.8818151
228,86.30191522,81.79051356,94.89029124,95.13421694,78.55005828,72.71581219
229,86.66916732,78.06190153,88.19398325,100.3672917,82.7778664,77.4191328
230,84.48888211,75.95213245,82.56049181,97.2116477,82.2367459,81.87491023
231,84.2533378,76.11918245,80.85013687,97.20889215,81.4880996,82.92696879
232,87.39567198,78.4727643,80.39093481,98.11301618,93.80381316,84.45554799
233,93.4514713,81.26185731,83.49287299,103.3110477,106.6050726,99.36108616
234,93.40904442,83.37787297,84.66477839,102.9861943,100.7203983,101.6614875
235,90.69194234,85.20497947,85.12781263,94.45961683,89.9034651,114.0330211
236,93.48073482,85.35438122,87.95288926,91.90025141,97.85431529,138.8449126
237,93.07955404,84.45193988,95.0789374,89.83589555,93.24716637,142.570143
238,94.82713806,82.60279489,102.6565122,93.82238434,95.1711155,140.1347627
239,98.87024005,83.90736858,113.0970062,98.01742235,101.7554786,137.7784141
240,100.8370516,84.4648917,112.802408,99.04553054,107.5647768,145.6454117
241,101.8064654,85.95867717,108.9779536,98.36118784,107.1020027,163.7745748
242,99.26168778,86.5020625,101.5882131,93.9696703,107.3091027,157.3570176
243,96.51165146,87.53400033,101.6001718,91.77245329,110.3253058,115.4923518
244,97.06439758,90.11578831,109.7375142,90.66416367,109.3639769,101.7991901
245,96.40570515,90.12035324,111.7574269,90.55718247,107.166612,94.07878952
246,95.88314396,91.21490168,110.4405512,87.79753556,106.0280117,98.10024117
247,100.032859,92.03870415,112.842359,95.27884294,110.1336144,107.8781972
248,107.7565959,92.88868203,112.2569089,112.9419935,121.8069411,114.5674893
249,114.1233221,92.47735931,116.0260131,125.9459169,124.8527817,138.7226413
250,120.0534951,93.9332372,121.385669,130.5890404,139.17832,152.3274704
251,124.2250189,96.42274946,118.7357467,132.3921968,153.8718738,162.8299725
252,129.3641507,97.51513617,117.4390784,139.7215647,166.2636594,173.76079
253,133.7875172,97.92126565,122.7837784,144.8990675,174.4881654,183.2376581
254,137.6760809,100.4759818,130.2617201,151.4431287,175.4335063,182.3807027
255,134.3222763,103.6141217,135.8088466,145.5318466,163.1108184,162.3775702
256,136.3345454,107.4547869,134.5187196,151.7317547,162.7870129,150.7420152
257,135.1168351,107.9630949,134.1712872,150.8932882,162.4030085,136.1628197
258,134.7502554,106.2451469,135.3177611,147.1299422,160.7759031,155.9887788
259,132.9770241,105.8350151,133.5680609,140.4752203,156.053259,174.6210922
260,132.72231,104.8785283,131.8809009,144.8670897,151.4822886,171.710666
261,130.1406973,106.1419382,127.1188076,140.4802034,147.8201659,165.2660225
262,125.6092657,105.8680501,126.2054443,133.1265985,137.990686,157.5140896
263,125.9396564,107.762019,125.0588483,130.8952076,144.9603689,148.2333632
264,121.9347272,106.1096516,121.994248,124.4155535,140.453486,142.5721076
265,122.2337844,102.6349677,120.3340219,127.2394788,144.3284295,145.7940983
266,125.3409331,105.4519619,121.242063,131.1384203,148.3352885,149.2773847
267,125.6531273,106.1502668,118.0670453,130.6055665,152.4733822,149.126019
268,124.3980229,105.7698848,112.5253603,129.1105265,156.2915661,141.2852759
269,119.0098025,103.6564542,105.5211652,126.3042147,144.3966071,128.4719689
270,115.7845689,101.1467485,102.2774687,125.3278911,135.257979,126.662546
271,121.9518897,99.83856949,99.73376754,143.8969628,138.5571295,141.4307076
272,123.1758399,102.5476351,101.9929011,147.0592985,138.3126085,129.1583503
273,125.1267573,106.7315075,110.9542063,146.7645116,136.9261605,123.7220866
274,124.012515,107.8794998,114.2221146,146.452611,124.8974686,125.698127
275,123.5265179,107.3539151,114.861453,148.4845581,121.5218111,119.6955715
276,122.7888385,107.1784271,118.149156,146.3961944,118.380955,119.5014752
277,123.4276847,106.5664526,121.007555,145.1817665,124.2797298,116.803817
278,123.3285145,107.7837051,123.7723206,142.2832108,125.5491153,113.031315
279,122.9448706,108.1926341,128.0330482,139.9416789,122.3818303,114.2535595
280,122.8875358,108.785329,140.8162204,134.8538489,120.6359957,110.1820367
281,122.1549477,105.6503938,139.9765659,136.3803021,121.0459034,109.0596533
282,120.9119654,104.9525231,140.2585705,133.7595801,120.6812342,105.7813938
283,117.9697221,104.7250111,140.9898098,126.4414652,116.2209894,104.2103018
284,116.1758831,105.5405386,145.6496677,119.2319695,111.8949261,105.4027653
285,116.3812825,105.9814223,149.0006254,116.7059963,112.9169306,107.4867896
286,118.7040118,106.2708114,152.9606033,118.7228306,116.0393248,115.4995269
287,118.6119061,105.4371368,151.9296748,117.963352,121.9691431,109.3021063
288,118.2285292,104.7059549,156.4882945,117.8644606,120.3833534,102.4268889
289,116.2317497,103.2079402,156.1831073,117.0124097,115.5799218,96.66561586
290,118.618462,104.0619449,156.4176218,119.6743269,120.8404433,102.6437839
291,122.1421167,106.344007,154.7919872,125.4151419,125.3836158,110.7726308
292,121.4641521,109.7075203,147.3018639,125.4909023,121.5300711,108.9808896
293,121.1966982,111.7432768,141.8010575,125.2467695,119.1770664,113.0653522
294,119.243715,116.0337795,136.0528237,118.7482054,115.2223008,112.5148943
295,116.2542629,117.4169285,130.2120025,112.1751115,110.6286441,113.0006534
296,112.7860415,118.4569345,120.6346068,110.3858843,101.6475475,106.5555557
297,109.2110632,117.4967501,110.8497202,107.3949105,98.55103414,99.47579367
298,109.3372767,117.1421136,107.1092088,108.1507191,100.0911531,103.6335979
299,108.1385691,114.8145006,102.6417908,109.2612328,100.8511652,100.1931063
300,105.173698,108.8963954,98.48250282,110.8638758,97.89217479,94.84279782
301,100.9611186,104.5556348,92.39105312,105.8896521,95.00028402,94.95756785
302,98.71159167,101.2562551,95.17096624,101.592417,95.17969087,90.31417874
303,95.71714879,97.14574483,95.13871594,99.51076054,92.61521887,81.96155035
304,94.59117638,97.41449869,90.58931101,98.20055191,91.8674194,80.92010078
305,95.04528921,99.57316579,89.87995109,95.71345666,94.48970767,82.55565401
306,94.57184511,98.68451351,87.68688158,96.69148609,95.89016086,77.10970382
307,93.7700181,98.96921626,82.20232625,98.93239069,90.42870704,79.03378952
308,89.51407273,99.0156515,79.94961164,91.86674518,82.29450233,71.15393253
309,88.88774889,96.6608032,83.20013452,90.47227511,81.96055841,73.42307845
310,90.25827727,92.08822577,88.0201083,91.70451155,87.75636592,86.07189251
311,87.73350447,89.21629218,80.52290471,90.46318838,85.12934523,90.04383552
312,87.00395903,86.81356827,80.98982101,89.44360642,86.68116764,90.6289376
313,84.934277,84.39966129,79.3749745,87.55250113,85.29061011,86.94954564
314,86.08065457,86.011959,78.83776299,87.27615063,92.15099038,81.59153842
315,87.43465714,86.14100805,76.66905329,86.45483322,97.34258928,95.53760655
316,89.10282728,87.69098509,77.14410522,88.4067689,101.1691503,93.88694355
317,90.58938805,90.17194215,72.70320537,91.09448082,99.55578662,104.8443126
318,93.76406557,94.06429897,73.90684559,94.1429474,97.92695257,120.3763153
319,92.98488853,95.34767065,76.01543778,90.39615453,94.90251071,121.5613882
320,95.30428384,96.44718523,81.81047883,89.28563753,102.3861208,124.5680385
321,96.10734026,94.9233306,90.85479263,86.26522717,104.31962,132.9250673
322,95.91110545,92.97822631,93.75854241,86.72195622,101.8468449,137.5102423
323,95.95152139,93.90165623,94.50275198,85.95575036,106.1611242,125.2259115
324,95.27143549,91.20641508,96.20197055,86.14706075,110.2594339,114.504197
325,97.79596913,92.22671558,98.55019651,88.67745945,112.1922396,125.8285612
326,98.12457289,93.95082978,99.22637456,90.00176911,107.9693246,125.5539062
327,96.15850703,95.40821603,100.6262388,87.8655063,101.5909486,111.8841407
328,95.03573688,97.28385822,100.0443812,86.89985453,97.57779106,101.7402513
329,97.34095116,99.28228958,104.8306999,88.29320362,101.96249,99.39421694
330,97.76181328,100.0725999,109.6562267,92.35989972,97.4725676,86.02688465
331,100.0228069,100.5631401,113.895557,96.93632027,96.65921196,90.48882387
332,99.23551564,100.0387616,116.8934883,92.29967586,99.16145506,88.9218191
333,99.69022019,98.56371167,118.3996848,92.11688667,103.8349664,89.04187498
334,98.84875237,98.24440835,115.3678462,91.7903474,102.676751,88.73016881
335,98.80184334,98.03232226,111.3747396,92.14977642,103.8529041,92.74711968
336,96.37387031,95.9855167,107.2698327,92.42046016,97.96306014,88.98868267
337,96.68358421,95.27529529,105.998144,95.20198578,98.25150285,87.19708883
338,97.75069144,96.58921342,108.757192,98.3705892,95.60057001,83.92642442
339,98.84703321,96.60451562,111.2931874,101.7959176,95.35511881,80.91125996
340,98.38459738,95.418705,109.9883126,103.9685507,94.02173461,76.82090343
341,98.52242946,94.88979707,111.4192791,105.5307266,92.15273547,76.44583799
342,96.83157565,94.72826037,112.2805641,100.847424,89.33342532,77.36608784
343,95.00894985,94.2596575,110.1286617,98.72036301,86.89950739,72.50483788
344,95.84250197,95.39448604,108.4579527,103.4888617,84.43017309,68.60444268
345,94.01674666,93.38492014,108.2918586,100.3430994,82.33424365,70.37652904
346,93.16323003,91.88048061,102.8037264,100.870673,81.32798869,76.50012871
347,91.9283382,92.08711632,99.99313476,99.63373081,76.59059714,79.86080882
348,92.04161021,92.26967723,97.84823706,101.0960414,76.83532726,78.31028829
349,93.0830378,91.5735795,100.9469787,101.7699716,80.25798759,79.34321851
350,93.82715058,92.5464005,103.7642895,100.7374085,81.78416354,80.30919955
351,92.9804619,94.04403153,105.6475341,97.5125532,78.41404559,78.66274264
352,93.46904369,97.32859984,106.1280062,94.63380322,79.11210045,79.2560158
353,94.1578571,100.2057861,106.592841,94.44359878,78.50147759,76.73557604
354,95.40107729,101.2187278,102.8910844,99.19063243,77.46187859,79.94407335
355,95.08883983,102.2675527,101.0642112,97.55139614,78.09033426,79.42907588
356,93.84638464,101.5607149,100.2996521,92.62567031,82.58940549,76.2292377
357,93.2398672,100.6302805,99.63812689,91.83731564,83.88830545,73.51148673
358,95.04127496,100.9328373,100.8202232,95.97784801,84.10921673,77.77161278
359,98.24973095,105.3965991,102.4534845,95.56910968,93.16373719,79.19024539
360,100.7908064,105.9998372,103.5429524,97.39705696,101.4986615,82.99769542
361,102.4672588,103.4805482,103.8120352,100.6874972,108.7325264,87.5402737
362,99.58671218,100.97399,102.8336944,99.57640009,97.55334488,91.44864312
363,95.21488451,99.52224016,101.5620514,98.02389815,85.42483703,73.94424527
364,92.42099238,96.5206137,95.91529776,99.64731046,81.17756292,63.17950547
365,91.15227489,95.4389141,94.49137134,98.01899699,77.76886682,67.84539992
366,93.13559669,94.47069056,98.29664226,97.30962223,86.61365414,74.94060661
367,93.77510607,91.4208744,101.8036623,97.27359343,93.20041478,76.01190358
368,95.6677271,91.44245601,102.1376063,99.21767595,98.70182857,81.09397041
369,97.91460667,91.17165952,102.3457776,104.3273445,104.5963436,78.96065176
370,101.3185684,91.60782888,104.4849607,112.088344,106.4502482,84.71040496
371,105.5121914,93.09441408,105.3871106,114.8435136,121.9034502,87.52817784
372,108.4641392,94.65129254,108.7004352,116.3865504,131.1993507,87.14082901
373,113.4936426,95.92833281,111.0967189,125.0094082,138.8745384,94.15924106
374,116.4975192,97.65071771,112.8330842,126.1471906,147.4624816,100.1745406
375,119.1027273,100.4757948,117.2390524,123.9083954,159.3020108,96.19743635
376,122.0613932,104.3912688,118.9611928,126.2007689,162.1913308,99.98682033
377,128.3515856,108.0543358,121.1512536,133.6953871,174.8759206,106.7994152
378,125.3614878,110.8741248,120.0656865,130.3146289,157.6805278,107.7319217
379,124.3727887,113.3215999,117.2406518,126.2570999,155.4955275,109.5519267
380,127.98606,113.0933666,117.1662651,130.3882585,165.8622971,120.5422818
381,129.144867,112.1106749,119.171355,132.8369698,168.5708639,121.1892697
382,133.2743505,111.624776,122.6335263,137.1427796,184.8374714,119.0653277
383,135.4405633,112.366603,127.2208119,141.4447493,184.5551788,120.1850319
384,133.7218515,110.5215345,130.3886775,140.4949807,178.505442,116.4325022
385,135.6978059,111.7451256,134.3260251,140.6476289,185.9314419,112.667515
386,141.669771,113.7191615,144.9826957,145.2782844,201.7176755,110.5311288
387,160.2244547,119.2687332,149.6002583,170.1313122,251.8312717,117.9139699
388,158.7994204,121.2944833,150.7303939,169.675086,237.5317362,121.5437065
389,158.692295,122.4514295,149.7349694,173.5207489,229.2409055,120.3875673
390,155.6631289,125.428387,158.1586126,166.3365565,211.7951825,117.2848384
391,141.6050773,123.3127605,155.5804273,147.2566538,168.8204244,112.8413846
392,138.6915383,120.3349807,153.0752738,145.5755366,163.3235421,110.4742208
393,137.3316041,119.8972929,152.7812969,147.9150837,152.5727847,109.6756983
394,136.665775,116.4901147,149.2205725,152.2816816,151.2849732,108.5801054
395,135.9785932,114.149292,147.3587727,150.1086228,154.7071166,114.3930839
396,133.0989326,111.9343868,148.5768036,147.2540062,144.6002988,117.1763374
397,131.4298765,110.5129262,144.741018,147.492153,140.411897,116.7873409
398,130.7331632,112.1482779,138.6609051,146.715828,135.8691468,125.1702142
399,127.9860481,114.0560098,135.2881045,138.5543441,131.7866586,126.9950381
400,128.3884753,116.0153647,129.2594522,136.1406834,130.0300245,149.3988297
401,124.4626628,117.3860848,121.7131585,129.2712076,118.6824197,157.2124298
402,123.0074424,118.6262826,119.8797173,126.6024465,115.7896971,152.1574854
403,124.359913,117.8783161,119.1124166,125.8600158,129.8060257,146.327495
404,121.7985856,114.5462297,114.3496664,124.9930717,125.8218504,148.1949598
405,121.669647,113.431669,111.9663486,126.2925907,120.8661935,162.7124966
406,120.7245304,111.9963713,114.5726729,124.7705117,120.0084495,159.1815234
407,120.6062241,111.5519287,116.4564843,121.0425996,124.1227917,161.3925342
408,119.0694292,111.1527821,118.6948884,122.8012539,122.3021873,134.2333893
409,117.6482372,108.863676,118.687746,119.8974782,122.471437,136.3991109
410,117.4487096,112.5388705,120.6964887,113.8443613,120.8716624,140.769561
411,118.9467444,114.913422,124.039206,110.8931461,130.5587448,133.3577053
412,119.2498165,116.5736089,123.7659738,111.616058,130.8984893,126.6155289
413,120.4891581,116.6745931,126.2774491,118.6747808,127.821546,117.104807
414,120.9906703,118.0812186,127.8582602,115.1650709,131.8111905,119.3622321
415,120.8818406,120.0037302,127.8691476,110.6827709,135.0005686,119.5364541
416,121.6681274,122.0218502,131.2958465,110.1532341,136.1242735,113.8642416
417,124.5896728,119.8871298,136.5191509,113.5544138,142.3617483,126.2558679
418,126.9398295,119.2354885,139.005185,114.446946,152.7166878,129.564644
419,127.7119883,118.7358806,139.9886463,111.4134437,164.1037749,126.4385784
420,127.4095884,119.5793266,141.9091862,111.3804445,162.0810595,119.2863484
421,124.6528073,116.6611355,143.0598507,111.8494607,153.0280294,111.2031523
422,126.5985508,116.8509102,147.6870108,112.6092356,155.9910086,118.5422453
423,127.2321696,118.3052261,148.7367805,109.6935775,161.7528739,116.8963778
424,128.1652172,121.634712,151.7225811,110.9107228,158.019624,112.3079879
425,127.2857632,123.38523,153.6158304,108.9676582,152.2389748,109.4337811
426,127.9806559,126.0010439,154.3823682,107.3639775,155.7386262,103.7205968